{
    "benchmark": "regex_search_benchmark",
    "cases": [
        {
            "actual_bytes": 52428800,
            "generation_ms": 0,
            "hit_rate": 0.08727264404296875,
            "index_ms": 0,
            "match_count": 22878,
            "pattern": "ERROR",
            "profile_description": "Single-token severity match",
            "profile_id": "simple",
            "profile_label": "Simple",
            "requested_bytes": 52428800,
            "reused_input": false,
            "search_mode": "streaming",
            "search_ms": {
                "max": 64626.860772,
                "mean": 64477.24085633332,
                "median": 64409.594783,
                "min": 64395.267014,
                "stddev": 105.95883041447392
            },
            "search_ms_iterations": [
                64395.267014,
                64409.594783,
                64626.860772
            ],
            "searched_line_count": 262144,
            "size_id": "50MB",
            "size_label": "50MB",
            "skip_reason": "",
            "status": "ok",
            "throughput_mib_per_s": {
                "max": 0.7764545799480828,
                "mean": 0.7754695178032778,
                "median": 0.7762818593790748,
                "min": 0.773672114082676,
                "stddev": 0.0012729108897495897
            },
            "throughput_mib_per_s_iterations": [
                0.7764545799480828,
                0.7762818593790748,
                0.773672114082676
            ]
        },
        {
            "actual_bytes": 52428800,
            "generation_ms": 0,
            "hit_rate": 0.029998779296875,
            "index_ms": 0,
            "match_count": 7864,
            "pattern": "level=(ERROR|WARN).*component=(auth|scheduler|replication|storage|parser|crawler).*msg=\\\"(timeout|failed|exception).*\\\".*path=/api/v1/(task|job)/[0-9]{1,4}.*shard=[0-9]{1,2} retry=false",
            "profile_description": "Structured warning or error match with field alternation and bounded numeric suffixes",
            "profile_id": "normal",
            "profile_label": "Normal",
            "requested_bytes": 52428800,
            "reused_input": false,
            "search_mode": "streaming",
            "search_ms": {
                "max": 65917.429765,
                "mean": 65584.06228466665,
                "median": 65694.390485,
                "min": 65140.366603999995,
                "stddev": 326.68641731526134
            },
            "search_ms_iterations": [
                65917.429765,
                65694.390485,
                65140.366603999995
            ],
            "searched_line_count": 262144,
            "size_id": "50MB",
            "size_label": "50MB",
            "skip_reason": "",
            "status": "ok",
            "throughput_mib_per_s": {
                "max": 0.7675732054742489,
                "mean": 0.7623993056809278,
                "median": 0.761099990895212,
                "min": 0.7585247206733227,
                "stddev": 0.0038065674373318897
            },
            "throughput_mib_per_s_iterations": [
                0.7585247206733227,
                0.761099990895212,
                0.7675732054742489
            ]
        },
        {
            "actual_bytes": 52428800,
            "generation_ms": 0,
            "hit_rate": 0.04000091552734375,
            "index_ms": 0,
            "match_count": 10486,
            "pattern": "level=(INFO|WARN) component=(auth|scheduler|replication|storage|parser|crawler).*req=[A-F0-9]{16}( session=([A-F0-9]{8}|[A-F0-9]{16}))?.*msg=\\\"(peer (reset|disconnect(ed)?) during remote link handover|(timeout|failed|exception) while processing customer ledger batch)\\\".*path=/api/v1/(node|task)/[0-9]{1,4}.*tenant=prod region=us-east-1 shard=[0-9]{1,2} (window=batch-e2e|retry=false)",
            "profile_description": "Structured log-line match with nested alternation, optional groups, and bounded repetitions",
            "profile_id": "complex",
            "profile_label": "Complex",
            "requested_bytes": 52428800,
            "reused_input": false,
            "search_mode": "streaming",
            "search_ms": {
                "max": 65651.664665,
                "mean": 65178.80241800001,
                "median": 65121.276206999995,
                "min": 64763.466382,
                "stddev": 364.87988543725095
            },
            "search_ms_iterations": [
                64763.466382,
                65121.276206999995,
                65651.664665
            ],
            "searched_line_count": 262144,
            "size_id": "50MB",
            "size_label": "50MB",
            "skip_reason": "",
            "status": "ok",
            "throughput_mib_per_s": {
                "max": 0.7720402071297517,
                "mean": 0.7671445797639218,
                "median": 0.7677982206777668,
                "min": 0.7615953114842469,
                "stddev": 0.004289086623401367
            },
            "throughput_mib_per_s_iterations": [
                0.7720402071297517,
                0.7677982206777668,
                0.7615953114842469
            ]
        }
    ],
    "engine": "vectorscan",
    "generated_at_utc": "2026-03-19T14:48:43Z",
    "host": {
        "cpu_architecture": "x86_64",
        "kernel_type": "darwin",
        "kernel_version": "25.3.0",
        "product_name": "macOS Tahoe (26.3.1)",
        "qt_version": "6.10.1"
    },
    "iterations": 3,
    "keep_files": true,
    "label": "vs-avx-block-stream",
    "profiles": [
        {
            "description": "Single-token severity match",
            "id": "simple",
            "label": "Simple",
            "pattern": "ERROR"
        },
        {
            "description": "Structured warning or error match with field alternation and bounded numeric suffixes",
            "id": "normal",
            "label": "Normal",
            "pattern": "level=(ERROR|WARN).*component=(auth|scheduler|replication|storage|parser|crawler).*msg=\\\"(timeout|failed|exception).*\\\".*path=/api/v1/(task|job)/[0-9]{1,4}.*shard=[0-9]{1,2} retry=false"
        },
        {
            "description": "Structured log-line match with nested alternation, optional groups, and bounded repetitions",
            "id": "complex",
            "label": "Complex",
            "pattern": "level=(INFO|WARN) component=(auth|scheduler|replication|storage|parser|crawler).*req=[A-F0-9]{16}( session=([A-F0-9]{8}|[A-F0-9]{16}))?.*msg=\\\"(peer (reset|disconnect(ed)?) during remote link handover|(timeout|failed|exception) while processing customer ledger batch)\\\".*path=/api/v1/(node|task)/[0-9]{1,4}.*tenant=prod region=us-east-1 shard=[0-9]{1,2} (window=batch-e2e|retry=false)"
        }
    ],
    "scan_mode": "block",
    "search_mode": "streaming",
    "seed": 20260301,
    "sizes": [
        {
            "id": "50MB",
            "label": "50MB",
            "requested_bytes": 52428800
        }
    ],
    "tmpfs_dir": "/tmp/klogg-bench",
    "version": "v1",
    "warmup": 0
}
