{
    "benchmark": "regex_search_benchmark",
    "cases": [
        {
            "actual_bytes": 52436809,
            "generation_ms": 0,
            "hit_rate": 0.08727505918628196,
            "index_ms": 58,
            "match_count": 19870,
            "pattern": "ERROR",
            "profile_description": "Single-token severity match",
            "profile_id": "simple",
            "profile_label": "Simple",
            "requested_bytes": 52428800,
            "reused_input": true,
            "search_ms": {
                "max": 320.12105299999996,
                "mean": 283.3769902,
                "median": 276.065918,
                "min": 267.947776,
                "stddev": 18.73915676514926
            },
            "search_ms_iterations": [
                279.211343,
                273.538861,
                320.12105299999996,
                267.947776,
                276.065918
            ],
            "searched_line_count": 227671,
            "size_id": "50MB",
            "size_label": "50MB",
            "skip_reason": "",
            "status": "ok",
            "throughput_mib_per_s": {
                "max": 186.63203227184127,
                "mean": 177.182223861572,
                "median": 181.14383093678407,
                "min": 156.21477409547347,
                "stddev": 10.770992302673468
            },
            "throughput_mib_per_s_iterations": [
                179.10317482194876,
                182.81730718181242,
                156.21477409547347,
                186.63203227184127,
                181.14383093678407
            ]
        },
        {
            "actual_bytes": 52436809,
            "generation_ms": 0,
            "hit_rate": 0.030003821303547663,
            "index_ms": 58,
            "match_count": 6831,
            "pattern": "level=(ERROR|WARN).*component=(auth|scheduler|replication|storage|parser|crawler).*msg=\\\"(timeout|failed|exception).*\\\".*path=/api/v1/(task|job)/[0-9]{1,4}.*shard=[0-9]{1,2} retry=false",
            "profile_description": "Structured warning or error match with field alternation and bounded numeric suffixes",
            "profile_id": "normal",
            "profile_label": "Normal",
            "requested_bytes": 52428800,
            "reused_input": true,
            "search_ms": {
                "max": 332.124522,
                "mean": 305.82291,
                "median": 299.356744,
                "min": 287.481951,
                "stddev": 15.158769758461457
            },
            "search_ms_iterations": [
                332.124522,
                311.314572,
                298.83676099999997,
                287.481951,
                299.356744
            ],
            "searched_line_count": 227671,
            "size_id": "50MB",
            "size_label": "50MB",
            "skip_reason": "",
            "status": "ok",
            "throughput_mib_per_s": {
                "max": 173.95053081993345,
                "mean": 163.90891134039256,
                "median": 167.0503136471851,
                "min": 150.56894226437183,
                "stddev": 7.8887627573429535
            },
            "throughput_mib_per_s_iterations": [
                150.56894226437183,
                160.6337848444823,
                167.34098512599022,
                173.95053081993345,
                167.0503136471851
            ]
        },
        {
            "actual_bytes": 52436809,
            "generation_ms": 0,
            "hit_rate": 0.040005095071396886,
            "index_ms": 58,
            "match_count": 9108,
            "pattern": "level=(INFO|WARN) component=(auth|scheduler|replication|storage|parser|crawler).*req=[A-F0-9]{16}( session=([A-F0-9]{8}|[A-F0-9]{16}))?.*msg=\\\"(peer (reset|disconnect(ed)?) during remote link handover|(timeout|failed|exception) while processing customer ledger batch)\\\".*path=/api/v1/(node|task)/[0-9]{1,4}.*tenant=prod region=us-east-1 shard=[0-9]{1,2} (window=batch-e2e|retry=false)",
            "profile_description": "Structured log-line match with nested alternation, optional groups, and bounded repetitions",
            "profile_id": "complex",
            "profile_label": "Complex",
            "requested_bytes": 52428800,
            "reused_input": true,
            "search_ms": {
                "max": 551.733241,
                "mean": 533.3910721999999,
                "median": 530.1951409999999,
                "min": 515.357894,
                "stddev": 13.689589353688675
            },
            "search_ms_iterations": [
                546.258474,
                551.733241,
                523.410611,
                515.357894,
                530.1951409999999
            ],
            "searched_line_count": 227671,
            "size_id": "50MB",
            "size_label": "50MB",
            "skip_reason": "",
            "status": "ok",
            "throughput_mib_per_s": {
                "max": 97.03477633661724,
                "mean": 93.81581247148577,
                "median": 94.31930644117332,
                "min": 90.63734838046508,
                "stddev": 2.402099906498366
            },
            "throughput_mib_per_s_iterations": [
                91.5457431926266,
                90.63734838046508,
                95.54188800654653,
                97.03477633661724,
                94.31930644117332
            ]
        },
        {
            "actual_bytes": 524366109,
            "generation_ms": 0,
            "hit_rate": 0.08727250366212277,
            "index_ms": 315,
            "match_count": 198692,
            "pattern": "ERROR",
            "profile_description": "Single-token severity match",
            "profile_id": "simple",
            "profile_label": "Simple",
            "requested_bytes": 524288000,
            "reused_input": true,
            "search_ms": {
                "max": 2943.023444,
                "mean": 2780.0306379999997,
                "median": 2758.422094,
                "min": 2696.477434,
                "stddev": 85.31015412760927
            },
            "search_ms_iterations": [
                2696.477434,
                2769.852431,
                2943.023444,
                2732.377787,
                2758.422094
            ],
            "searched_line_count": 2276685,
            "size_id": "500MB",
            "size_label": "500MB",
            "skip_reason": "",
            "status": "ok",
            "throughput_mib_per_s": {
                "max": 185.45472854388447,
                "mean": 180.04467877887652,
                "median": 181.29005406203802,
                "min": 169.91862282534376,
                "stddev": 5.337506464328448
            },
            "throughput_mib_per_s_iterations": [
                185.45472854388447,
                180.54192524857297,
                169.91862282534376,
                183.01806321454336,
                181.29005406203802
            ]
        },
        {
            "actual_bytes": 524366109,
            "generation_ms": 0,
            "hit_rate": 0.030000197655802186,
            "index_ms": 315,
            "match_count": 68301,
            "pattern": "level=(ERROR|WARN).*component=(auth|scheduler|replication|storage|parser|crawler).*msg=\\\"(timeout|failed|exception).*\\\".*path=/api/v1/(task|job)/[0-9]{1,4}.*shard=[0-9]{1,2} retry=false",
            "profile_description": "Structured warning or error match with field alternation and bounded numeric suffixes",
            "profile_id": "normal",
            "profile_label": "Normal",
            "requested_bytes": 524288000,
            "reused_input": true,
            "search_ms": {
                "max": 2999.5717609999997,
                "mean": 2976.7208533999997,
                "median": 2994.156831,
                "min": 2942.746991,
                "stddev": 24.328223860619858
            },