{
    "benchmark": "regex_search_benchmark",
    "cases": [
        {
            "actual_bytes": 52428800,
            "generation_ms": 0,
            "hit_rate": 0.08727264404296875,
            "index_ms": 0,
            "match_count": 22878,
            "pattern": "ERROR",
            "profile_description": "Single-token severity match",
            "profile_id": "simple",
            "profile_label": "Simple",
            "requested_bytes": 52428800,
            "reused_input": false,
            "search_mode": "streaming",
            "search_ms": {
                "max": 461.723973,
                "mean": 438.111132,
                "median": 437.77825099999995,
                "min": 414.831172,
                "stddev": 19.145352851741357
            },
            "search_ms_iterations": [
                461.723973,
                414.831172,
                437.77825099999995
            ],
            "searched_line_count": 262144,
            "size_id": "50MB",
            "size_label": "50MB",
            "skip_reason": "",
            "status": "ok",
            "throughput_mib_per_s": {
                "max": 120.53096144857696,
                "mean": 114.34461437455043,
                "median": 114.21307450926794,
                "min": 108.2898071658064,
                "stddev": 4.998295815960139
            },
            "throughput_mib_per_s_iterations": [
                108.2898071658064,
                120.53096144857696,
                114.21307450926794
            ]
        },
        {
            "actual_bytes": 52428800,
            "generation_ms": 0,
            "hit_rate": 0.029998779296875,
            "index_ms": 0,
            "match_count": 7864,
            "pattern": "level=(ERROR|WARN).*component=(auth|scheduler|replication|storage|parser|crawler).*msg=\\\"(timeout|failed|exception).*\\\".*path=/api/v1/(task|job)/[0-9]{1,4}.*shard=[0-9]{1,2} retry=false",
            "profile_description": "Structured warning or error match with field alternation and bounded numeric suffixes",
            "profile_id": "normal",
            "profile_label": "Normal",
            "requested_bytes": 52428800,
            "reused_input": false,
            "search_mode": "streaming",
            "search_ms": {
                "max": 607.93083,
                "mean": 524.9377303333333,
                "median": 493.02289099999996,
                "min": 473.85947,
                "stddev": 59.20416719745755
            },
            "search_ms_iterations": [
                473.85947,
                607.93083,
                493.02289099999996
            ],
            "searched_line_count": 262144,
            "size_id": "50MB",
            "size_label": "50MB",
            "skip_reason": "",
            "status": "ok",
            "throughput_mib_per_s": {
                "max": 105.5165152655913,
                "mean": 96.39262787026144,
                "median": 101.41516938206425,
                "min": 82.24619896312875,
                "stddev": 10.142200538098242
            },
            "throughput_mib_per_s_iterations": [
                105.5165152655913,
                82.24619896312875,
                101.41516938206425
            ]
        },
        {
            "actual_bytes": 52428800,
            "generation_ms": 0,
            "hit_rate": 0.04000091552734375,
            "index_ms": 0,
            "match_count": 10486,
            "pattern": "level=(INFO|WARN) component=(auth|scheduler|replication|storage|parser|crawler).*req=[A-F0-9]{16}( session=([A-F0-9]{8}|[A-F0-9]{16}))?.*msg=\\\"(peer (reset|disconnect(ed)?) during remote link handover|(timeout|failed|exception) while processing customer ledger batch)\\\".*path=/api/v1/(node|task)/[0-9]{1,4}.*tenant=prod region=us-east-1 shard=[0-9]{1,2} (window=batch-e2e|retry=false)",
            "profile_description": "Structured log-line match with nested alternation, optional groups, and bounded repetitions",
            "profile_id": "complex",
            "profile_label": "Complex",
            "requested_bytes": 52428800,
            "reused_input": false,
            "search_mode": "streaming",
            "search_ms": {
                "max": 592.208752,
                "mean": 526.0071916666667,
                "median": 561.3038769999999,
                "min": 424.508946,
                "stddev": 72.87065357993194
            },
            "search_ms_iterations": [
                561.3038769999999,
                592.208752,
                424.508946
            ],
            "searched_line_count": 262144,
            "size_id": "50MB",
            "size_label": "50MB",
            "skip_reason": "",
            "status": "ok",
            "throughput_mib_per_s": {
                "max": 117.78314796692175,
                "mean": 97.09704811323017,
                "median": 89.07830864670831,
                "min": 84.4296877260605,
                "stddev": 14.749880552819057
            },
            "throughput_mib_per_s_iterations": [
                89.07830864670831,
                84.4296877260605,
                117.78314796692175
            ]
        }
    ],
    "engine": "vectorscan",
    "generated_at_utc": "2026-03-19T15:06:42Z",
    "host": {
        "cpu_architecture": "x86_64",
        "kernel_type": "darwin",
        "kernel_version": "25.3.0",
        "product_name": "macOS Tahoe (26.3.1)",
        "qt_version": "6.10.1"
    },
    "iterations": 3,
    "keep_files": true,
    "label": "vs-generic-stream",
    "profiles": [
        {
            "description": "Single-token severity match",
            "id": "simple",
            "label": "Simple",
            "pattern": "ERROR"
        },
        {
            "description": "Structured warning or error match with field alternation and bounded numeric suffixes",
            "id": "normal",
            "label": "Normal",
            "pattern": "level=(ERROR|WARN).*component=(auth|scheduler|replication|storage|parser|crawler).*msg=\\\"(timeout|failed|exception).*\\\".*path=/api/v1/(task|job)/[0-9]{1,4}.*shard=[0-9]{1,2} retry=false"
        },
        {
            "description": "Structured log-line match with nested alternation, optional groups, and bounded repetitions",
            "id": "complex",
            "label": "Complex",
            "pattern": "level=(INFO|WARN) component=(auth|scheduler|replication|storage|parser|crawler).*req=[A-F0-9]{16}( session=([A-F0-9]{8}|[A-F0-9]{16}))?.*msg=\\\"(peer (reset|disconnect(ed)?) during remote link handover|(timeout|failed|exception) while processing customer ledger batch)\\\".*path=/api/v1/(node|task)/[0-9]{1,4}.*tenant=prod region=us-east-1 shard=[0-9]{1,2} (window=batch-e2e|retry=false)"
        }
    ],
    "scan_mode": "per-line",
    "search_mode": "streaming",
    "seed": 20260301,
    "sizes": [
        {
            "id": "50MB",
            "label": "50MB",
            "requested_bytes": 52428800
        }
    ],
    "tmpfs_dir": "/tmp/klogg-bench",
    "version": "v1",
    "warmup": 0
}
