{
    "benchmark": "regex_search_benchmark",
    "cases": [
        {
            "actual_bytes": 52428800,
            "generation_ms": 0,
            "hit_rate": 0.08727264404296875,
            "index_ms": 0,
            "match_count": 22878,
            "pattern": "ERROR",
            "profile_description": "Single-token severity match",
            "profile_id": "simple",
            "profile_label": "Simple",
            "requested_bytes": 52428800,
            "reused_input": false,
            "search_mode": "streaming",
            "search_ms": {
                "max": 4053.214559,
                "mean": 3824.908414,
                "median": 4000.95446,
                "min": 3420.556223,
                "stddev": 286.7150737366835
            },
            "search_ms_iterations": [
                3420.556223,
                4000.95446,
                4053.214559
            ],
            "searched_line_count": 262144,
            "size_id": "50MB",
            "size_label": "50MB",
            "skip_reason": "",
            "status": "ok",
            "throughput_mib_per_s": {
                "max": 14.617505674602675,
                "mean": 13.150137163818309,
                "median": 12.497018024044193,
                "min": 12.335887792808057,
                "stddev": 1.039669337717751
            },
            "throughput_mib_per_s_iterations": [
                14.617505674602675,
                12.497018024044193,
                12.335887792808057
            ]
        },
        {
            "actual_bytes": 52428800,
            "generation_ms": 0,
            "hit_rate": 0.029998779296875,
            "index_ms": 0,
            "match_count": 7864,
            "pattern": "level=(ERROR|WARN).*component=(auth|scheduler|replication|storage|parser|crawler).*msg=\\\"(timeout|failed|exception).*\\\".*path=/api/v1/(task|job)/[0-9]{1,4}.*shard=[0-9]{1,2} retry=false",
            "profile_description": "Structured warning or error match with field alternation and bounded numeric suffixes",
            "profile_id": "normal",
            "profile_label": "Normal",
            "requested_bytes": 52428800,
            "reused_input": false,
            "search_mode": "streaming",
            "search_ms": {
                "max": 3866.147911,
                "mean": 3809.774236333333,
                "median": 3825.373455,
                "min": 3737.8013429999996,
                "stddev": 53.545694483637334
            },
            "search_ms_iterations": [
                3737.8013429999996,
                3825.373455,
                3866.147911
            ],
            "searched_line_count": 262144,
            "size_id": "50MB",
            "size_label": "50MB",
            "skip_reason": "",
            "status": "ok",
            "throughput_mib_per_s": {
                "max": 13.37684788776641,
                "mean": 13.126745571410728,
                "median": 13.070619271079769,
                "min": 12.932769555386004,
                "stddev": 0.18558737836765932
            },
            "throughput_mib_per_s_iterations": [
                13.37684788776641,
                13.070619271079769,
                12.932769555386004
            ]
        },
        {
            "actual_bytes": 52428800,
            "generation_ms": 0,
            "hit_rate": 0.04000091552734375,
            "index_ms": 0,
            "match_count": 10486,
            "pattern": "level=(INFO|WARN) component=(auth|scheduler|replication|storage|parser|crawler).*req=[A-F0-9]{16}( session=([A-F0-9]{8}|[A-F0-9]{16}))?.*msg=\\\"(peer (reset|disconnect(ed)?) during remote link handover|(timeout|failed|exception) while processing customer ledger batch)\\\".*path=/api/v1/(node|task)/[0-9]{1,4}.*tenant=prod region=us-east-1 shard=[0-9]{1,2} (window=batch-e2e|retry=false)",
            "profile_description": "Structured log-line match with nested alternation, optional groups, and bounded repetitions",
            "profile_id": "complex",
            "profile_label": "Complex",
            "requested_bytes": 52428800,
            "reused_input": false,
            "search_mode": "streaming",
            "search_ms": {
                "max": 4835.954033999999,
                "mean": 4480.388483,
                "median": 4394.816857,
                "min": 4210.394558,
                "stddev": 262.45385865654094
            },
            "search_ms_iterations": [
                4210.394558,
                4394.816857,
                4835.954033999999
            ],
            "searched_line_count": 262144,
            "size_id": "50MB",
            "size_label": "50MB",
            "skip_reason": "",
            "status": "ok",
            "throughput_mib_per_s": {
                "max": 11.875371609769214,
                "mean": 11.197210497827598,
                "median": 11.377038367448856,
                "min": 10.339221516264725,
                "stddev": 0.6398920869765736
            },
            "throughput_mib_per_s_iterations": [
                11.875371609769214,
                11.377038367448856,
                10.339221516264725
            ]
        }
    ],
    "engine": "qt",
    "generated_at_utc": "2026-03-19T15:06:35Z",
    "host": {
        "cpu_architecture": "x86_64",
        "kernel_type": "darwin",
        "kernel_version": "25.3.0",
        "product_name": "macOS Tahoe (26.3.1)",
        "qt_version": "6.10.1"
    },
    "iterations": 3,
    "keep_files": true,
    "label": "qt-stream",
    "profiles": [
        {
            "description": "Single-token severity match",
            "id": "simple",
            "label": "Simple",
            "pattern": "ERROR"
        },
        {
            "description": "Structured warning or error match with field alternation and bounded numeric suffixes",
            "id": "normal",
            "label": "Normal",
            "pattern": "level=(ERROR|WARN).*component=(auth|scheduler|replication|storage|parser|crawler).*msg=\\\"(timeout|failed|exception).*\\\".*path=/api/v1/(task|job)/[0-9]{1,4}.*shard=[0-9]{1,2} retry=false"
        },
        {
            "description": "Structured log-line match with nested alternation, optional groups, and bounded repetitions",
            "id": "complex",
            "label": "Complex",
            "pattern": "level=(INFO|WARN) component=(auth|scheduler|replication|storage|parser|crawler).*req=[A-F0-9]{16}( session=([A-F0-9]{8}|[A-F0-9]{16}))?.*msg=\\\"(peer (reset|disconnect(ed)?) during remote link handover|(timeout|failed|exception) while processing customer ledger batch)\\\".*path=/api/v1/(node|task)/[0-9]{1,4}.*tenant=prod region=us-east-1 shard=[0-9]{1,2} (window=batch-e2e|retry=false)"
        }
    ],
    "scan_mode": "auto",
    "search_mode": "streaming",
    "seed": 20260301,
    "sizes": [
        {
            "id": "50MB",
            "label": "50MB",
            "requested_bytes": 52428800
        }
    ],
    "tmpfs_dir": "/tmp/klogg-bench",
    "version": "v1",
    "warmup": 0
}
