{
    "benchmark": "regex_search_benchmark",
    "cases": [
        {
            "actual_bytes": 52428800,
            "generation_ms": 0,
            "hit_rate": 0.08727264404296875,
            "index_ms": 0,
            "match_count": 22878,
            "pattern": "ERROR",
            "profile_description": "Single-token severity match",
            "profile_id": "simple",
            "profile_label": "Simple",
            "requested_bytes": 52428800,
            "reused_input": false,
            "search_mode": "streaming",
            "search_ms": {
                "max": 62238.932167,
                "mean": 61453.718859333334,
                "median": 61143.667305999996,
                "min": 60978.557105,
                "stddev": 559.3062956443969
            },
            "search_ms_iterations": [
                60978.557105,
                62238.932167,
                61143.667305999996
            ],
            "searched_line_count": 262144,
            "size_id": "50MB",
            "size_label": "50MB",
            "skip_reason": "",
            "status": "ok",
            "throughput_mib_per_s": {
                "max": 0.8199603659677311,
                "mean": 0.8136874083838063,
                "median": 0.8177461739376813,
                "min": 0.8033556852460064,
                "stddev": 0.007361342216090579
            },
            "throughput_mib_per_s_iterations": [
                0.8199603659677311,
                0.8033556852460064,
                0.8177461739376813
            ]
        },
        {
            "actual_bytes": 52428800,
            "generation_ms": 0,
            "hit_rate": 0.029998779296875,
            "index_ms": 0,
            "match_count": 7864,
            "pattern": "level=(ERROR|WARN).*component=(auth|scheduler|replication|storage|parser|crawler).*msg=\\\"(timeout|failed|exception).*\\\".*path=/api/v1/(task|job)/[0-9]{1,4}.*shard=[0-9]{1,2} retry=false",
            "profile_description": "Structured warning or error match with field alternation and bounded numeric suffixes",
            "profile_id": "normal",
            "profile_label": "Normal",
            "requested_bytes": 52428800,
            "reused_input": false,
            "search_mode": "streaming",
            "search_ms": {
                "max": 71442.904954,
                "mean": 68313.170854,
                "median": 67696.788401,
                "min": 65799.819207,
                "stddev": 2344.6463391129123
            },
            "search_ms_iterations": [
                67696.788401,
                71442.904954,
                65799.819207
            ],
            "searched_line_count": 262144,
            "size_id": "50MB",
            "size_label": "50MB",
            "skip_reason": "",
            "status": "ok",
            "throughput_mib_per_s": {
                "max": 0.7598805073111939,
                "mean": 0.7327758472619856,
                "median": 0.7385874748418849,
                "min": 0.699859559632878,
                "stddev": 0.0248456542329689
            },
            "throughput_mib_per_s_iterations": [
                0.7385874748418849,
                0.699859559632878,
                0.7598805073111939
            ]
        },
        {
            "actual_bytes": 52428800,
            "generation_ms": 0,
            "hit_rate": 0.04000091552734375,
            "index_ms": 0,
            "match_count": 10486,
            "pattern": "level=(INFO|WARN) component=(auth|scheduler|replication|storage|parser|crawler).*req=[A-F0-9]{16}( session=([A-F0-9]{8}|[A-F0-9]{16}))?.*msg=\\\"(peer (reset|disconnect(ed)?) during remote link handover|(timeout|failed|exception) while processing customer ledger batch)\\\".*path=/api/v1/(node|task)/[0-9]{1,4}.*tenant=prod region=us-east-1 shard=[0-9]{1,2} (window=batch-e2e|retry=false)",
            "profile_description": "Structured log-line match with nested alternation, optional groups, and bounded repetitions",
            "profile_id": "complex",
            "profile_label": "Complex",
            "requested_bytes": 52428800,
            "reused_input": false,
            "search_mode": "streaming",
            "search_ms": {
                "max": 63206.479865999994,
                "mean": 62560.694843,
                "median": 62419.716919,
                "min": 62055.887744,
                "stddev": 480.1886012069457
            },
            "search_ms_iterations": [
                63206.479865999994,
                62419.716919,
                62055.887744
            ],
            "searched_line_count": 262144,
            "size_id": "50MB",
            "size_label": "50MB",
            "skip_reason": "",
            "status": "ok",
            "throughput_mib_per_s": {
                "max": 0.8057253198321114,
                "mean": 0.7992707995568269,
                "median": 0.8010289451469852,
                "min": 0.791058133691384,
                "stddev": 0.00611554817705555
            },
            "throughput_mib_per_s_iterations": [
                0.791058133691384,
                0.8010289451469852,
                0.8057253198321114
            ]
        }
    ],
    "engine": "vectorscan",
    "generated_at_utc": "2026-03-19T14:29:16Z",
    "host": {
        "cpu_architecture": "x86_64",
        "kernel_type": "darwin",
        "kernel_version": "25.3.0",
        "product_name": "macOS Tahoe (26.3.1)",
        "qt_version": "6.10.1"
    },
    "iterations": 3,
    "keep_files": true,
    "label": "vs-generic-block-stream",
    "profiles": [
        {
            "description": "Single-token severity match",
            "id": "simple",
            "label": "Simple",
            "pattern": "ERROR"
        },
        {
            "description": "Structured warning or error match with field alternation and bounded numeric suffixes",
            "id": "normal",
            "label": "Normal",
            "pattern": "level=(ERROR|WARN).*component=(auth|scheduler|replication|storage|parser|crawler).*msg=\\\"(timeout|failed|exception).*\\\".*path=/api/v1/(task|job)/[0-9]{1,4}.*shard=[0-9]{1,2} retry=false"
        },
        {
            "description": "Structured log-line match with nested alternation, optional groups, and bounded repetitions",
            "id": "complex",
            "label": "Complex",
            "pattern": "level=(INFO|WARN) component=(auth|scheduler|replication|storage|parser|crawler).*req=[A-F0-9]{16}( session=([A-F0-9]{8}|[A-F0-9]{16}))?.*msg=\\\"(peer (reset|disconnect(ed)?) during remote link handover|(timeout|failed|exception) while processing customer ledger batch)\\\".*path=/api/v1/(node|task)/[0-9]{1,4}.*tenant=prod region=us-east-1 shard=[0-9]{1,2} (window=batch-e2e|retry=false)"
        }
    ],
    "scan_mode": "block",
    "search_mode": "streaming",
    "seed": 20260301,
    "sizes": [
        {
            "id": "50MB",
            "label": "50MB",
            "requested_bytes": 52428800
        }
    ],
    "tmpfs_dir": "/tmp/klogg-bench",
    "version": "v1",
    "warmup": 0
}
