{
    "benchmark": "regex_search_benchmark",
    "cases": [
        {
            "actual_bytes": 52428800,
            "generation_ms": 0,
            "hit_rate": 0.08727264404296875,
            "index_ms": 0,
            "match_count": 22878,
            "pattern": "ERROR",
            "profile_description": "Single-token severity match",
            "profile_id": "simple",
            "profile_label": "Simple",
            "requested_bytes": 52428800,
            "reused_input": false,
            "search_mode": "streaming",
            "search_ms": {
                "max": 498.033508,
                "mean": 464.03232699999995,
                "median": 476.208357,
                "min": 417.85511599999995,
                "stddev": 33.846077230575204
            },
            "search_ms_iterations": [
                498.033508,
                417.85511599999995,
                476.208357
            ],
            "searched_line_count": 262144,
            "size_id": "50MB",
            "size_label": "50MB",
            "skip_reason": "",
            "status": "ok",
            "throughput_mib_per_s": {
                "max": 119.65870007440569,
                "mean": 108.3498696159888,
                "median": 104.99605742954233,
                "min": 100.3948513440184,
                "stddev": 8.214215690426713
            },
            "throughput_mib_per_s_iterations": [
                100.3948513440184,
                119.65870007440569,
                104.99605742954233
            ]
        },
        {
            "actual_bytes": 52428800,
            "generation_ms": 0,
            "hit_rate": 0.029998779296875,
            "index_ms": 0,
            "match_count": 7864,
            "pattern": "level=(ERROR|WARN).*component=(auth|scheduler|replication|storage|parser|crawler).*msg=\\\"(timeout|failed|exception).*\\\".*path=/api/v1/(task|job)/[0-9]{1,4}.*shard=[0-9]{1,2} retry=false",
            "profile_description": "Structured warning or error match with field alternation and bounded numeric suffixes",
            "profile_id": "normal",
            "profile_label": "Normal",
            "requested_bytes": 52428800,
            "reused_input": false,
            "search_mode": "streaming",
            "search_ms": {
                "max": 572.740206,
                "mean": 491.6734936666667,
                "median": 468.102957,
                "min": 434.17731799999996,
                "stddev": 58.97228802181096
            },
            "search_ms_iterations": [
                434.17731799999996,
                468.102957,
                572.740206
            ],
            "searched_line_count": 262144,
            "size_id": "50MB",
            "size_label": "50MB",
            "skip_reason": "",
            "status": "ok",
            "throughput_mib_per_s": {
                "max": 115.1603225850688,
                "mean": 103.09134897116814,
                "median": 106.81410841846059,
                "min": 87.29961590997506,
                "stddev": 11.674729048553461
            },
            "throughput_mib_per_s_iterations": [
                115.1603225850688,
                106.81410841846059,
                87.29961590997506
            ]
        },
        {
            "actual_bytes": 52428800,
            "generation_ms": 0,
            "hit_rate": 0.04000091552734375,
            "index_ms": 0,
            "match_count": 10486,
            "pattern": "level=(INFO|WARN) component=(auth|scheduler|replication|storage|parser|crawler).*req=[A-F0-9]{16}( session=([A-F0-9]{8}|[A-F0-9]{16}))?.*msg=\\\"(peer (reset|disconnect(ed)?) during remote link handover|(timeout|failed|exception) while processing customer ledger batch)\\\".*path=/api/v1/(node|task)/[0-9]{1,4}.*tenant=prod region=us-east-1 shard=[0-9]{1,2} (window=batch-e2e|retry=false)",
            "profile_description": "Structured log-line match with nested alternation, optional groups, and bounded repetitions",
            "profile_id": "complex",
            "profile_label": "Complex",
            "requested_bytes": 52428800,
            "reused_input": false,
            "search_mode": "streaming",
            "search_ms": {
                "max": 571.993254,
                "mean": 507.67548533333337,
                "median": 486.76291899999995,
                "min": 464.270283,
                "stddev": 46.397278607344056
            },
            "search_ms_iterations": [
                464.270283,
                571.993254,
                486.76291899999995
            ],
            "searched_line_count": 262144,
            "size_id": "50MB",
            "size_label": "50MB",
            "skip_reason": "",
            "status": "ok",
            "throughput_mib_per_s": {
                "max": 107.69588713908703,
                "mean": 99.27630526376065,
                "median": 102.7194103090667,
                "min": 87.41361834312822,
                "stddev": 8.630713996830936
            },
            "throughput_mib_per_s_iterations": [
                107.69588713908703,
                87.41361834312822,
                102.7194103090667
            ]
        }
    ],
    "engine": "vectorscan",
    "generated_at_utc": "2026-03-19T15:06:49Z",
    "host": {
        "cpu_architecture": "x86_64",
        "kernel_type": "darwin",
        "kernel_version": "25.3.0",
        "product_name": "macOS Tahoe (26.3.1)",
        "qt_version": "6.10.1"
    },
    "iterations": 3,
    "keep_files": true,
    "label": "vs-avx-stream",
    "profiles": [
        {
            "description": "Single-token severity match",
            "id": "simple",
            "label": "Simple",
            "pattern": "ERROR"
        },
        {
            "description": "Structured warning or error match with field alternation and bounded numeric suffixes",
            "id": "normal",
            "label": "Normal",
            "pattern": "level=(ERROR|WARN).*component=(auth|scheduler|replication|storage|parser|crawler).*msg=\\\"(timeout|failed|exception).*\\\".*path=/api/v1/(task|job)/[0-9]{1,4}.*shard=[0-9]{1,2} retry=false"
        },
        {
            "description": "Structured log-line match with nested alternation, optional groups, and bounded repetitions",
            "id": "complex",
            "label": "Complex",
            "pattern": "level=(INFO|WARN) component=(auth|scheduler|replication|storage|parser|crawler).*req=[A-F0-9]{16}( session=([A-F0-9]{8}|[A-F0-9]{16}))?.*msg=\\\"(peer (reset|disconnect(ed)?) during remote link handover|(timeout|failed|exception) while processing customer ledger batch)\\\".*path=/api/v1/(node|task)/[0-9]{1,4}.*tenant=prod region=us-east-1 shard=[0-9]{1,2} (window=batch-e2e|retry=false)"
        }
    ],
    "scan_mode": "per-line",
    "search_mode": "streaming",
    "seed": 20260301,
    "sizes": [
        {
            "id": "50MB",
            "label": "50MB",
            "requested_bytes": 52428800
        }
    ],
    "tmpfs_dir": "/tmp/klogg-bench",
    "version": "v1",
    "warmup": 0
}
