{
    "benchmark": "regex_search_benchmark",
    "cases": [
        {
            "actual_bytes": 52428800,
            "coalesced_live_updates": {
                "max": 26,
                "mean": 26,
                "median": 26,
                "min": 26,
                "stddev": 0
            },
            "coalesced_live_updates_iterations": [
                26,
                26,
                26,
                26,
                26
            ],
            "generation_ms": 0,
            "hit_rate": 0.08727264404296875,
            "index_ms": 0,
            "match_count": 22878,
            "matcher_creations": {
                "max": 16,
                "mean": 16,
                "median": 16,
                "min": 16,
                "stddev": 0
            },
            "matcher_creations_iterations": [
                16,
                16,
                16,
                16,
                16
            ],
            "operation_starts": {
                "max": 2,
                "mean": 2,
                "median": 2,
                "min": 2,
                "stddev": 0
            },
            "operation_starts_iterations": [
                2,
                2,
                2,
                2,
                2
            ],
            "pattern": "ERROR",
            "profile_description": "Single-token severity match",
            "profile_id": "simple",
            "profile_label": "Simple",
            "requested_bytes": 52428800,
            "reused_input": false,
            "search_mode": "streaming",
            "search_ms": {
                "max": 1111.4664989999999,
                "mean": 687.6999255999999,
                "median": 637.2679539999999,
                "min": 463.08903399999997,
                "stddev": 221.44426524656956
            },
            "search_ms_iterations": [
                585.437381,
                463.08903399999997,
                637.2679539999999,
                1111.4664989999999,
                641.23876
            ],
            "searched_line_count": 262144,
            "size_id": "50MB",
            "size_label": "50MB",
            "skip_reason": "",
            "status": "ok",
            "streaming_append_update_ms": {
                "max": 390.600312,
                "mean": 284.2711542,
                "median": 286.238649,
                "min": 216.502117,
                "stddev": 63.854509781410506
            },
            "streaming_append_update_ms_iterations": [
                306.80539,
                221.20930299999998,
                216.502117,
                390.600312,
                286.238649
            ],
            "streaming_catchup_ms": {
                "max": 720.864663,
                "mean": 403.4265622,
                "median": 354.998851,
                "min": 241.878413,
                "stddev": 170.3441574953307
            },
            "streaming_catchup_ms_iterations": [
                278.626469,
                241.878413,
                420.764415,
                720.864663,
                354.998851
            ],
            "throughput_lines_per_s": {
                "max": 566076.8896548735,
                "mean": 413974.0802409185,
                "median": 411356.005514754,
                "min": 235854.16225847037,
                "stddev": 105865.93542439055
            },
            "throughput_lines_per_s_iterations": [
                447774.6186145909,
                566076.8896548735,
                411356.005514754,
                235854.16225847037,
                408808.7251619038
            ],
            "throughput_mib_per_s": {
                "max": 107.97059815499755,
                "mean": 78.95928959673282,
                "median": 78.45993147177772,
                "min": 44.9856113926831,
                "stddev": 20.192324719312776
            },
            "throughput_mib_per_s_iterations": [
                85.40623066226786,
                107.97059815499755,
                78.45993147177772,
                44.9856113926831,
                77.97407630193783
            ],
            "update_requests": {
                "max": 27,
                "mean": 27,
                "median": 27,
                "min": 27,
                "stddev": 0
            },
            "update_requests_iterations": [
                27,
                27,
                27,
                27,
                27
            ]
        },
        {
            "actual_bytes": 52428800,
            "coalesced_live_updates": {
                "max": 26,
                "mean": 25.8,
                "median": 26,
                "min": 25,
                "stddev": 0.39999999999999997
            },
            "coalesced_live_updates_iterations": [
                26,
                26,
                26,
                26,
                25
            ],
            "generation_ms": 0,
            "hit_rate": 0.029998779296875,
            "index_ms": 0,
            "match_count": 7864,
            "matcher_creations": {
                "max": 24,
                "mean": 17.6,
                "median": 16,
                "min": 16,
                "stddev": 3.1999999999999997
            },
            "matcher_creations_iterations": [
                16,
                16,
                16,
                16,
                24
            ],
            "operation_starts": {
                "max": 3,
                "mean": 2.2,
                "median": 2,
                "min": 2,
                "stddev": 0.39999999999999997
            },
            "operation_starts_iterations": [
                2,
                2,
                2,
                2,
                3
            ],
            "pattern": "level=(ERROR|WARN).*component=(auth|scheduler|replication|storage|parser|crawler).*msg=\\\"(timeout|failed|exception).*\\\".*path=/api/v1/(task|job)/[0-9]{1,4}.*shard=[0-9]{1,2} retry=false",
            "profile_description": "Structured warning or error match with field alternation and bounded numeric suffixes",
            "profile_id": "normal",
            "profile_label": "Normal",
            "requested_bytes": 52428800,
            "reused_input": false,
            "search_mode": "streaming",
            "search_ms": {
                "max": 387.968194,
                "mean": 303.5193696,
                "median": 274.783814,
                "min": 245.34499599999998,
                "stddev": 57.78035875814292
            },
            "search_ms_iterations": [
                387.968194,
                253.03809099999998,
                245.34499599999998,
                356.461753,
                274.783814
            ],
            "searched_line_count": 262144,
            "size_id": "50MB",
            "size_label": "50MB",
            "skip_reason": "",
            "status": "ok",
            "streaming_append_update_ms": {
                "max": 211.93495199999998,
                "mean": 193.0857524,
                "median": 188.175128,
                "min": 176.08512,
                "stddev": 12.54691672204529
            },
            "streaming_append_update_ms_iterations": [
                202.16692799999998,
                176.08512,
                188.175128,
                211.93495199999998,
                187.066634
            ],
            "streaming_catchup_ms": {
                "max": 185.80007799999998,
                "mean": 110.4320168,
                "median": 87.715608,
                "min": 57.168051999999996,
                "stddev": 47.57458160833873
            },
            "streaming_catchup_ms_iterations": [
                185.80007799999998,
                76.951439,
                57.168051999999996,
                144.52490699999998,
                87.715608
            ],
            "throughput_lines_per_s": {
                "max": 1068470.946112143,